Workbook
Name IQ_CH: 110000
Name IQ_CQ: 5000
Name IQ_CY: 10000
Name IQ_DAILY: 500000
Name IQ_FH: 100000
Name IQ_FQ: 500
Name IQ_FY: 1000
Name IQ_LTM: 2000
Name IQ_MONTH: 15000
Name IQ_NTM: 6000
Name IQ_WEEK: 50000
Name IQ_YTD: 3000

Sheet CONFIG
A1: CONFIG — Debasement PCA (v3 Final Data Edition)
A3: PARAMETERS
A4: Parameter | B4: Value (edit yellow cells) | C4: Notes
A5: PCA_COLS | B5: GLD, SLV, GDXJ, T10YIE, DFII10 | C5: Bare column names from Final Data for PCA — transform auto-detected
A6: REGRESSION_TARGET | B6: ^GVZ | C6: Any bare column name from Final Data — transform auto-detected
A7: N_PCS | B7: 4 | C7: # of principal components to retain (fresh PCA only)
A8: DATE_FROM | B8: 45107 | C8: optional — leave blank for all data
A9: DATE_TO | C9: optional — leave blank for all data
A10: RUN_NAME | B10: Default | C10: label saved to HISTORY when you copy results to a slot
A11: REGRESSION_PCS | B11: all | C11: which PCs to use — "all", or comma list e.g. "1, 3" (PC1 + PC3)
A12: LOAD_LOADINGS_FROM | C12: blank = fresh PCA; or Slot_1 / Slot_2 / … to project through saved loadings
A16: NOTE | B16: Columns with a % prefix (e.g. %TCMSY10) or FRED-named series (T10YIE, DFII10, etc.) are first-differenced (_DIF). All others are converted to % returns (_RET). Enter bare column names in PCA_COLS and REGRESSION_TARGET — suffix is added automatically. R² will be very high when REGRESSION_TARGET shares drivers with PCA_COLS; for a meaningful test choose a target NOT in PCA_COLS (e.g. ^GVZ, IBIT, ^SPX).
A18: AVAILABLE COLUMNS — FINAL DATA (Jun 2023 →)
A19: Column | B19: Description | C19: Transform
A20: PPLT | B20: Aberdeen Physical Platinum ETF | C20: % return (_RET)
A21: GLD | B21: SPDR Gold Shares ETF | C21: % return (_RET)
A22: SLV | B22: iShares Silver Trust ETF | C22: % return (_RET)
A23: PLUSA | B23: Aberdeen Physical Precious Metals ETF | C23: % return (_RET)
A24: CPER | B24: United States Copper Index Fund | C24: % return (_RET)
A25: USO | B25: United States Oil Fund (WTI crude) | C25: % return (_RET)
A26: BNO | B26: United States Brent Oil Fund | C26: % return (_RET)
A27: UNG | B27: United States Natural Gas Fund | C27: % return (_RET)
A28: ^NYICDX | B28: ICE U.S. Dollar Index | C28: % return (_RET)
A29: $EURUSD | B29: Euro / USD spot rate | C29: % return (_RET)
A30: $USDJPY | B30: USD / JPY spot rate | C30: % return (_RET)
... A66: ETHA | B66: iShares Ethereum Trust ETF | C66: % return (_RET)
A68: HOW TO RUN
A69: 1. Paste data | B69: Add new rows to the Final Data sheet below the last date (header stays in row 2).
A70: 2. Edit PCA_COLS | B70: Comma-separated bare column names (from the table above) for PCA inputs.
A71: 3. Edit TARGET | B71: Set REGRESSION_TARGET to any column from Final Data — bare name, no suffix.
A72: 4. Run MODEL | B72: Go to MODEL sheet → click A9 → F2 → Ctrl+Enter. Check status in A4.
A73: 5. Save to HISTORY | B73: In HISTORY sheet, click an orange slot tap cell → F2 → Ctrl+Shift+Enter → paste code → Ctrl+Enter.
A74: 6. Recall history | B74: Set LOAD_LOADINGS_FROM to Slot_1 / Slot_2 … in B12, then re-run MODEL.
A75: 7. Pick PCs | B75: Set REGRESSION_PCS to e.g. "1, 3" to use only PC1 and PC3.
A76: 8. Refresh charts | B76: DASHBOARD charts reference RESULTS ranges and auto-update.

Sheet DATA
A1: DATA — Raw price levels & rate series (add new rows at bottom of tblData)
A2: Date | B2: JPM | C2: GLD | D2: DBC | E2: SLV | F2: GDX | G2: VIX | H2: T10YIE | I2: DFII10 | J2: BTC | K2: DXY | L2: T10YIE_DIF
A3: 42373 | B3: 63.62 | C3: 102.89 | D3: 13.26 | E3: 13.19 | F3: 14.09 | G3: 20.7 | H3: 1.55 | I3: 0.69 | J3: 433.85
A4: 42374 | B4: 63.73 | C4: 103.18 | D4: 13.13 | E4: 13.311 | F4: 14.02 | G4: 19.34 | H4: 1.56 | I4: 0.69 | J4: 433.34
A5: 42375 | B5: 62.81 | C5: 104.67 | D5: 12.92 | E5: 13.36 | F5: 14.25 | G5: 20.59 | H5: 1.53 | I5: 0.65 | J5: 430.87
A6: 42376 | B6: 60.27 | C6: 106.15 | D6: 12.86 | E6: 13.62 | F6: 14.88 | G6: 24.99 | H6: 1.5 | I6: 0.66 | J6: 459.07
A7: 42377 | B7: 58.92 | C7: 105.68 | D7: 12.8 | E7: 13.3 | F7: 14.52 | G7: 27.01 | H7: 1.48 | I7: 0.65 | J7: 454.44
A8: 42380 | B8: 58.83 | C8: 104.74 | D8: 12.45 | E8: 13.22 | F8: 13.92 | G8: 24.3 | H8: 1.45 | I8: 0.72 | J8: 449.19
A9: 42381 | B9: 58.96 | C9: 104.21 | D9: 12.37 | E9: 13.17 | F9: 13.61 | G9: 22.47 | H9: 1.43 | I9: 0.69 | J9: 434.01
A10: 42382 | B10: 57.34 | C10: 104.72 | D10: 12.3 | E10: 13.49 | F10: 13.61 | G10: 25.22 | H10: 1.43 | I10: 0.65 | J10: 432.77
A11: 42383 | B11: 58.2 | C11: 103.02 | D11: 12.33 | E11: 13.19 | F11: 13.13 | G11: 23.95 | H11: 1.43 | I11: 0.67 | J11: 430.03
A12: 42384 | B12: 57.04 | C12: 104.08 | D12: 12.065 | E12: 13.24 | F12: 13.085 | G12: 27.02 | H12: 1.36 | I12: 0.67 | J12: 357.53
A13: 42388 | B13: 57.01 | C13: 103.98 | D13: 11.97 | E13: 13.36 | F13: 12.47 | G13: 26.05 | H13: 1.38 | I13: 0.68 | J13: 375.27
A14: 42389 | B14: 55.51 | C14: 105.37 | D14: 11.88 | E14: 13.48 | F14: 12.85 | G14: 27.59 | H14: 1.32 | I14: 0.69 | J14: 418.54
... A2608: 46196 | B2608: 334.14 | C2608: 377.32 | D2608: 27.12 | E2608: 55.73 | F2608: 77.66 | G2608: 16.76 | H2608: 2.21 | I2608: 2.29 | J2608: 62689.99
A2610: ← Paste new data here. Add rows above this row. Keep dates ascending. DXY available from Jun 2023 only.

Sheet MODEL
A1: MODEL — Python code cell (one =PY() cell does everything) | v3 Final Data
A3: STATUS (last run):
A4: OK • 2,604 obs • 7 inputs • PC1=40.2% var • R²=99.64% • n=2,604 (T10YIE_DIF)
A6: HOW TO RUN:
A7: 1. Click cell A9 below
A8: 2. Type =PY( then press Ctrl+Shift+Enter (opens Python editor)
A9: {=_xlfn._xlws.PY(0,1,CONFIG!B5,CONFIG!B6,CONFIG!B7,CONFIG!B8,CONFIG!B9,CONFIG!B10,CONFIG!B11,CONFIG!B12,CONFIG!B13,CONFIG!B14,tblData[#All])}
A10: 4. Press Ctrl+Enter to run
A11: 5. To save results to HISTORY: go to HISTORY sheet, click an orange slot tap cell, repeat steps 2-4 with that cell's code
A12: COPY CODE ↓
A13: # ── DEBASEMENT PCA MODEL v3 — Final Data Edition ────────────────────────── # Paste into an =PY() cell (A9 in MODEL sheet). Output As → Python Object. # Data source: "Final Data" sheet (header row 2, data row 3 onward). # Column transforms are auto-detected by prefix / name: # % prefix (e.g. %TCMSY10) and FRED-named rates → first difference (_DIF) # everything else → % return (_RET) # Config cell map (B column, row shown): # B5 = PCA_COLS bare names, comma-separated # B6 = REGRESSION_TARGET bare name # B7 = N_PCS # B8 = DATE_FROM # B9 = DATE_TO # B10 = RUN_NAME # B11 = REGRESSION_PCS # B12 = LOAD_LOADINGS_FROM # ───────────────────────────────────────────────────────────────────────────── import pandas as pd, numpy as np from sklearn.preprocessing import StandardScaler from sklearn.decomposition import PCA import statsmodels.api as sm # ── 1. READ CONFIG ──────────────────────────────────────────────────────────── pca_cols = [c.strip() for c in str(xl("CONFIG!B5")).split(",")] reg_target = str(xl("CONFIG!B6")).strip() n_pcs = int(xl("CONFIG!B7")) date_from = xl("CONFIG!B8") date_to = xl("CONFIG!B9") _rn = str(xl("CONFIG!B10")).strip(); run_name = _rn if _rn not in ("","None") else "unnamed" _rp = str(xl("CONFIG!B11")).strip(); reg_pcs_str = _rp if _rp not in ("","None") else "all" _lf = str(xl("CONFIG!B12")).strip(); load_from = _lf if _lf not in ("","None") else "" # ── 2. LOAD FINAL DATA (header row 2, data from row 3) ─────────────────────── raw = xl("'Final Data'!A2:AV751", headers=True) raw.columns = [str(c).strip() for c in raw.columns] raw["Date"] = pd.to_datetime(raw["Date"]) raw = raw.set_index("Date").sort_index() if date_from: raw = raw[raw.index >= pd.to_datetime(str(date_from))] if date_to: raw = raw[raw.index <= pd.to_datetime(str(date_to))] # ── 3. AUTO-TRANSFORM by column prefix / name ───────────────────────────────── # % prefix or known FRED names → first difference (_DIF) # everything else → % return (_RET) FRED_COLS = {"T10YIE","T5YIFR","DFII10","DFII5","T5YIE","DFII30","RRPONTSYD"} def is_rate_col(col): return col.startswith("%") or col in FRED_COLS tf = {} for col in raw.columns: if pd.api.types.is_numeric_dtype(raw[col]): if is_rate_col(col): tf[col + "_DIF"] = raw[col].diff() else: tf[col + "_RET"] = raw[col].pct_change() tf_df = pd.DataFrame(tf, index=raw.index).replace([np.inf, -np.inf], np.nan) # ── 4. RESOLVE COLUMN NAMES (bare → transformed) ───────────────────────────── def resolve_col(col): col = col.strip() if col in tf_df.columns: return col # already suffixed if col + "_RET" in tf_df.columns: return col + "_RET" if col + "_DIF" in tf_df.columns: return col + "_DIF" return None pca_tf_cols = [c for c in (resolve_col(c) for c in pca_cols) if c is not None] reg_tf_col = resolve_col(reg_target) if reg_tf_col is None: reg_tf_col = reg_target # pass through if already explicit # ── 5. PCA — fresh run OR recall from HISTORY slot ─────────────────────────── SLOT_STARTS = {"Slot_1": 4, "Slot_2": 26, "Slot_3": 48, "Slot_4": 70, "Slot_5": 92} if load_from in SLOT_STARTS: ss = SLOT_STARTS[load_from] hist_load = xl(f"HISTORY!A{ss+2}:F{ss+9}", headers=True).set_index("Input") hist_scaler = xl(f"HISTORY!A{ss+12}:C{ss+19}", headers=True).set_index("Input") hist_inputs = list(hist_load.index) pc_cols = list(hist_load.columns) n_pcs_used = len(pc_cols) hist_mean = hist_scaler["Mean"].values.astype(float) hist_std = hist_scaler["Std"].values.astype(float) X_raw = tf_df[hist_inputs].dropna() X_hist = (X_raw.values - hist_mean) / hist_std scores = X_hist @ hist_load.values loadings = hist_load pca_inputs_used = hist_inputs scaler_mean, scaler_std = hist_mean, hist_std loadings_source = load_from pc_scores = pd.DataFrame(scores, index=X_raw.index, columns=pc_cols) pc_scores.index.name = "Date" ev = pd.DataFrame({"Component": pc_cols, "Var%": [f"(from {load_from})"] * n_pcs_used, "CumVar%": [f"(from {load_from})"] * n_pcs_used}) else: X_raw = tf_df[pca_tf_cols].dropna() scaler = StandardScaler() X = scaler.fit_transform(X_raw) pca_mdl = PCA(n_components=n_pcs) pca_mdl.fit(X); scores = pca_mdl.transform(X) pc_cols = [f"PC{i+1}" for i in range(n_pcs)] loadings = pd.DataFrame(pca_mdl.components_.T, index=pca_tf_cols, columns=pc_cols) loadings.index.name = "Input" ev = pd.DataFrame({"Component": pc_cols, "Var%": pca_mdl.explained_variance_ratio_ * 100, "CumVar%": np.cumsum(pca_mdl.explained_variance_ratio_) * 100}) pc_scores = pd.DataFrame(scores, index=X_raw.index, columns=pc_cols) pc_scores.index.name = "Date" pca_inputs_used = pca_tf_cols; n_pcs_used = n_pcs scaler_mean, scaler_std = scaler.mean_, scaler.scale_ loadings_source = "current" scaler_stats = pd.DataFrame({"Input": pca_inputs_used, "Mean": scaler_mean, "Std": scaler_std}) # ── 6. SELECT PCs FOR REGRESSION ───────────────────────────────────────────── if not reg_pcs_str or reg_pcs_str.lower() == "all": reg_pc_idx = list(range(n_pcs_used)) else: reg_pc_idx = [int(x.strip())-1 for x in reg_pcs_str.split(",") if x.strip().isdigit() and 0 < int(x.strip()) <= n_pcs_used] reg_pc_labels = [pc_cols[i] for i in reg_pc_idx] # ── 7. REGRESSION ───────────────────────────────────────────────────────────── if reg_tf_col in tf_df.columns: y = tf_df[reg_tf_col].loc[X_raw.index] else: y = pd.Series(np.nan, index=X_raw.index, name=reg_tf_col) aln = pd.concat([pc_scores[reg_pc_labels], y.rename("Target")], axis=1).dropna() X_r = sm.add_constant(aln.iloc[:, :-1]) ols = sm.OLS(aln["Target"], X_r).fit() reg_coefs = pd.DataFrame({"Term": ols.params.index, "Coef": ols.params.values, "T-stat": ols.tvalues.values, "P-value": ols.pvalues.values}) reg_metrics = pd.DataFrame({ "Metric": ["Target","N","R²","Adj R²","F p-val","PCs used","Loadings from"], "Value" : [reg_target, len(aln), f"{ols.rsquared:.4f}", f"{ols.rsquared_adj:.4f}", f"{ols.f_pvalue:.2e}", reg_pcs_str or "all", loadings_source], }) # Back-transform regression betas to original input space beta_reg = np.zeros(n_pcs_used) for i, pc_idx in enumerate(reg_pc_idx): beta_reg[pc_idx] = ols.params.iloc[i+1] beta_per_sd = loadings.values @ beta_reg beta_per_unit = beta_per_sd / scaler_std betas = pd.DataFrame({"Input": pca_inputs_used, "Beta/SD": beta_per_sd, "Beta/Unit": beta_per_unit}) # ── 8. RUN METADATA ─────────────────────────────────────────────────────────── pc1_var = (f"{pca_mdl.explained_variance_ratio_[0]:.1%}" if loadings_source == "current" else f"(from {loadings_source})") run_meta = pd.DataFrame([{ "Run": run_name, "Inputs": ", ".join(pca_inputs_used), "N_PCS": n_pcs_used, "Reg_PCS": reg_pcs_str or "all", "N_obs": len(X_raw), "PC1_Var": pc1_var, "R2": f"{ols.rsquared:.4f}", "Source": loadings_source, }]) # ── 9. STATUS + RETURN ──────────────────────────────────────────────────────── pc1_info = (f"PC1={pca_mdl.explained_variance_ratio_[0]:.1%} var" if loadings_source == "current" else f"loadings→{loadings_source}") status = (f"OK • {len(X_raw):,} obs • {len(pca_inputs_used)} inputs • " f"{pc1_info} • R²={ols.rsquared:.2%} • PCs={reg_pcs_str or 'all'} • ({reg_target})") { "status" : status, "loadings" : loadings, "ev" : ev, "pc_scores" : pc_scores, "reg_coefs" : reg_coefs, "reg_metrics" : reg_metrics, "betas" : betas, "scaler_stats": scaler_stats, "run_meta" : run_meta, }
A14: MAIN PYTHON CODE → paste into cell A9 as =PY()

Sheet HISTORY
B1: HISTORY — PCA snapshots (5 save slots) | orange cells = =PY() tap cells
B2: Use the orange tap cells to save the current MODEL run to a slot. Set CONFIG!B14 = Slot_1 / Slot_2 / … to project current data through a saved loading set.
B4: SLOT 1 — Default (Q2 '23 – ~Q2 '26) • All 6 inputs • 5 PCs
B5: LOADINGS
A6: {=_FV(I6,"arrayPreview")} | I6: {=_xlfn._xlws.PY(1,1,MODEL!A9)}
B15: SCALER STATS (mean + std used to standardize)
A16: {=_FV(I16,"arrayPreview")} | I16: {=_xlfn._xlws.PY(2,1,MODEL!A9)}
B26: SLOT 2 — [empty — run tap cells below to save current MODEL here]
B27: LOADINGS
A28: {=_FV(I28,"arrayPreview")} | I28: {=_xlfn._xlws.PY(1,1,MODEL!A9)}
B37: SCALER STATS
A38: {=_FV(I38,"arrayPreview")} | I38: {=_xlfn._xlws.PY(2,1,MODEL!A9)}
B48: SLOT 3 — [empty — run tap cells below to save current MODEL here]
B49: LOADINGS
I50: {=_xlfn._xlws.PY(1,1,MODEL!A9)}
B59: SCALER STATS
B60: [ =PY() TAP CELL — paste code from col H ] | I60: xl("MODEL!A9")["scaler_stats"]
B70: SLOT 4 — [empty — run tap cells below to save current MODEL here]
B71: LOADINGS
B72: [ =PY() TAP CELL — paste code from col H ] | I72: xl("MODEL!A9")["loadings"].reset_index()
B81: SCALER STATS
B82: [ =PY() TAP CELL — paste code from col H ] | I82: xl("MODEL!A9")["scaler_stats"]
B92: SLOT 5 — [empty — run tap cells below to save current MODEL here]
B93: LOADINGS
B94: [ =PY() TAP CELL — paste code from col H ] | I94: xl("MODEL!A9")["loadings"].reset_index()
B103: SCALER STATS
B104: [ =PY() TAP CELL — paste code from col H ] | I104: xl("MODEL!A9")["scaler_stats"]

Sheet RESULTS
B1: RESULTS — pre-populated; orange =PY() tap cells refresh from MODEL!A9
M2: TAP CELL CODE (Output As → Excel Values)
M3: Click cell → F2 → Ctrl+Shift+Enter → paste code → Ctrl+Enter
B5: LOADINGS
B6: {=_xlfn._xlws.PY(1,1,MODEL!A9)} | M6: xl("MODEL!A9")["loadings"].reset_index()
A7: {=_FV(B6,"arrayPreview")}
B16: SCREE
M17: xl("MODEL!A9")["ev"] | R17: {=_xlfn._xlws.PY(3,1,MODEL!A9)}
A18: {=_FV(R17,"arrayPreview")}
B25: REGRESSION COEFFICIENTS
M26: xl("MODEL!A9")["reg_coefs"]
A27: {=_FV(R27,"arrayPreview")} | R27: {=_xlfn._xlws.PY(4,1,MODEL!A9)}
B35: REGRESSION METRICS
M36: xl("MODEL!A9")["reg_metrics"]
A37: {=_FV(R37,"arrayPreview")} | R37: {=_xlfn._xlws.PY(5,1,MODEL!A9)}
B46: INPUT-SPACE BETAS
M47: xl("MODEL!A9")["betas"]
A48: {=_FV(R48,"arrayPreview")} | R48: {=_xlfn._xlws.PY(6,1,MODEL!A9)}
B57: SCALER STATS
M58: xl("MODEL!A9")["scaler_stats"]
A59: {=_FV(R59,"arrayPreview")} | R59: {=_xlfn._xlws.PY(2,1,MODEL!A9)}
B68: RUN METADATA | R68: {=_xlfn._xlws.PY(7,1,MODEL!A9)}
A70: {=_FV(R68,"arrayPreview")}
B73: PC SCORES (time series)
M74: xl("MODEL!A9")["pc_scores"].reset_index()
A75: {=_FV(R75,"arrayPreview")} | R75: {=_xlfn._xlws.PY(8,1,MODEL!A9)}

Sheet DASHBOARD
A1: DASHBOARD — charts auto-update when RESULTS tap cells are refreshed

Sheet Final Data
A2: Date | B2: PPLT | C2: GLD | D2: SLV | E2: PLUSA | F2: CPER | G2: USO | H2: BNO | I2: UNG | J2: ^NYICDX | K2: $EURUSD | L2: $USDJPY | M2: $AUDUSD | N2: $USDCNH | O2: %SPT2577 | P2: %TCMSY05 | Q2: %TCMSY10 | R2: %TCMSY20 | S2: %TCMSY30 | T2: ^SPX | U2: ^RUT | V2: ^GMQ | W2: XLE | X2: XLF | Y2: XLI | Z2: XLU | AA2: XLP | AB2: VNQ | AC2: IGF | AD2: GDXJ | AE2: ^SP500-15 | AF2: ^MXWO | AG2: ^NDX | AH2: ^VIX | AI2: ^MOVE | AJ2: ^GVZ | AK2: T10YIE | AL2: T5YIFR | AM2: DFII10 | AN2: DFII5 | AO2: T5YIE | AP2: DFII30 | AQ2: RRPONTSYD | AR2: LQD | AS2: HYG | AT2: ^OVX | AU2: IBIT | AV2: ETHA
A3: 45107 | B3: 8.365 | C3: 178.27 | D3: 20.89 | E3: 116.58 | F3: 23.2 | G3: 63.55 | H3: 25.47 | I3: 29.68 | J3: 102.9211 | K3: 0.916 | L3: 0.006916347 | M3: 1.5025 | N3: 0.13751943 | O3: 4.8829 | P3: 4.13 | Q3: 3.81 | R3: 4.06 | S3: 3.85 | T3: 4450.3813 | U3: 1888.734 | V3: 0.006916347 | W3: 40.585 | X3: 33.71 | Y3: 107.32 | Z3: 32.72 | AA3: 74.17 | AB3: 83.56 | AC3: 46.95 | AD3: 35.66 | AE3: 521.92775 | AF3: 2966.724 | AG3: 15179.208 | AH3: 13.59 | AI3: 110.6351 | AJ3: 12.04 | AK3: 2.22 | AL3: 2.26 | AM3: 1.59 | AN3: 1.95 | AO3: 2.18 | AP3: 1.62 | AQ3: 2034.319 | AR3: 33.28 | AS3: 33.28 | AT3: 33.28 | AU3: 33.28 | AV3: 33.28
A4: 45110 | B4: 8.428 | C4: 178.47 | D4: 21.01 | E4: 116.02 | F4: 23.34 | G4: 63.39 | H4: 25.42 | I4: 28.96 | J4: 102.976 | K4: 0.9164 | L4: 0.006917208 | M4: 1.4969 | N4: 0.13791582 | O4: 4.9044 | P4: 4.19 | Q4: 3.86 | R4: 4.08 | S4: 3.87 | T4: 4455.5939 | U4: 1896.7808 | V4: 0.006917208 | W4: 40.68 | X4: 33.9 | Y4: 107.34 | Z4: 32.965 | AA4: 74.75 | AB4: 84.38 | AC4: 47.24 | AD4: 36.46 | AE4: 523.52659 | AF4: 2972.0296 | AG4: 15208.693 | AH4: 13.57 | AI4: 110.7695 | AJ4: 12.22 | AK4: 2.25 | AL4: 2.29 | AM4: 1.61 | AN4: 1.98 | AO4: 2.21 | AP4: 1.62 | AQ4: 1909.639 | AR4: 33.88 | AS4: 33.88 | AT4: 33.88 | AU4: 33.88 | AV4: 33.88
A5: 45112 | B5: 8.498 | C5: 177.84 | D5: 21.21 | E5: 119.44 | F5: 23.17 | G5: 64.63 | H5: 25.94 | I5: 28.44 | J5: 103.3352 | K5: 0.9194 | L5: 0.00691941 | M5: 1.4996 | N5: 0.13776192 | O5: 4.9131 | P5: 4.25 | Q5: 3.95 | R5: 4.17 | S5: 3.95 | T5: 4446.8248 | U5: 1872.9068 | V5: 0.00691941 | W5: 40.455 | X5: 33.83 | Y5: 106.76 | Z5: 33.34 | AA5: 74.62 | AB5: 84.57 | AC5: 46.95 | AD5: 35.43 | AE5: 510.60407 | AF5: 2960.7567 | AG5: 15203.778 | AH5: 14.18 | AI5: 110.5335 | AJ5: 12.46 | AK5: 2.26 | AL5: 2.32 | AM5: 1.69 | AN5: 2.05 | AO5: 2.2 | AP5: 1.7 | AQ5: 1867.061 | AR5: 33.91 | AS5: 33.91 | AT5: 33.91 | AU5: 33.91 | AV5: 33.91
A6: 45113 | B6: 8.385 | C6: 177.31 | D6: 20.83 | E6: 118.24 | F6: 23.11 | G6: 64.44 | H6: 25.9 | I6: 28.16 | J6: 103.1087 | K6: 0.9206 | L6: 0.006934813 | M6: 1.5126 | N6: 0.13756861 | O6: 5.0691 | P6: 4.37 | Q6: 4.05 | R6: 4.23 | S6: 4.01 | T6: 4411.5907 | U6: 1842.233 | V6: 0.006934813 | W6: 39.545 | X6: 33.54 | Y6: 105.96 | Z6: 32.935 | AA6: 74.43 | AB6: 83.92 | AC6: 46.35 | AD6: 34.51 | AE6: 506.98276 | AF6: 2924.5519 | AG6: 15089.449 | AH6: 15.44 | AI6: 134.6291 | AJ6: 12.25 | AK6: 2.27 | AL6: 2.32 | AM6: 1.78 | AN6: 2.15 | AO6: 2.22 | AP6: 1.75 | AQ6: 1854.256 | AR6: 35.13 | AS6: 35.13 | AT6: 35.13 | AU6: 35.13 | AV6: 35.13
A7: 45114 | B7: 8.44 | C7: 178.64 | D7: 21.18 | E7: 118.34 | F7: 23.31 | G7: 65.85 | H7: 26.48 | I7: 27.44 | J7: 102.2664 | K7: 0.9132 | L7: 0.007029235 | M7: 1.4968 | N7: 0.13833555 | O7: 4.9269 | P7: 4.35 | Q7: 4.06 | R7: 4.27 | S7: 4.05 | T7: 4398.9527 | U7: 1864.6643 | V7: 0.007029235 | W7: 40.395 | X7: 33.59 | Y7: 106.2 | Z7: 32.695 | AA7: 73.46 | AB7: 83.73 | AC7: 46.59 | AD7: 35.06 | AE7: 511.46338 | AF7: 2924.1918 | AG7: 15036.852 | AH7: 14.83 | AI7: 130.4098 | AJ7: 12.12 | AK7: 2.27 | AL7: 2.32 | AM7: 1.79 | AN7: 2.13 | AO7: 2.22 | AP7: 1.78 | AQ7: 1822.303 | AR7: 34.55 | AS7: 34.55 | AT7: 34.55 | AU7: 34.55 | AV7: 34.55
A8: 45117 | B8: 8.601 | C8: 178.78 | D8: 21.24 | E8: 116.5 | F8: 23.41 | G8: 65.54 | H8: 26.34 | I8: 28.44 | J8: 101.9658 | K8: 0.9105 | L8: 0.00706539 | M8: 1.50175 | N8: 0.13827434 | O8: 4.8682 | P8: 4.25 | Q8: 4.01 | R8: 4.24 | S8: 4.05 | T8: 4409.5258 | U8: 1895.2517 | V8: 0.00706539 | W8: 40.71 | X8: 33.74 | Y8: 107.71 | Z8: 32.555 | AA8: 73.44 | AB8: 84.09 | AC8: 46.43 | AD8: 36.15 | AE8: 511.41749 | AF8: 2931.0468 | AG8: 15045.639 | AH8: 15.07 | AI8: 131.7314 | AJ8: 12.41 | AK8: 2.25 | AL8: 2.31 | AM8: 1.76 | AN8: 2.06 | AO8: 2.19 | AP8: 1.79 | AQ8: 1811.981 | AR8: 38.35 | AS8: 38.35 | AT8: 38.35 | AU8: 38.35 | AV8: 38.35
A9: 45118 | B9: 8.578 | C9: 179.45 | D9: 21.2 | E9: 117.7 | F9: 23.26 | G9: 67.03 | H9: 26.89 | I9: 29.2 | J9: 101.668 | K9: 0.9099 | L9: 0.007114602 | M9: 1.5025 | N9: 0.13850032 | O9: 4.8938 | P9: 4.24 | Q9: 3.99 | R9: 4.22 | S9: 4.03 | T9: 4439.2563 | U9: 1913.3611 | V9: 0.007114602 | W9: 41.605 | X9: 34.14 | Y9: 108.98 | Z9: 32.96 | AA9: 73.55 | AB9: 85.29 | AC9: 47 | AD9: 36.26 | AE9: 516.38663 | AF9: 2953.1219 | AG9: 15119.062 | AH9: 14.84 | AI9: 127.0724 | AJ9: 12.64 | AK9: 2.24 | AL9: 2.32 | AM9: 1.75 | AN9: 2.08 | AO9: 2.16 | AP9: 1.8 | AQ9: 1775.796 | AR9: 32.43 | AS9: 32.43 | AT9: 32.43 | AU9: 32.43 | AV9: 32.43
A10: 45119 | B10: 8.791 | C10: 181.88 | D10: 22.15 | E10: 123.1 | F10: 23.772 | G10: 67.87 | H10: 27.19 | I10: 28.32 | J10: 100.5715 | K10: 0.8993 | L10: 0.007228672 | M10: 1.4731 | N10: 0.13951282 | O10: 4.7251 | P10: 4.07 | Q10: 3.86 | R10: 4.14 | S10: 3.96 | T10: 4472.1603 | U10: 1933.3764 | V10: 0.007228672 | W10: 41.99 | X10: 34.36 | Y10: 108.79 | Z10: 33.44 | AA10: 73.72 | AB10: 85.75 | AC10: 47.59 | AD10: 38.31 | AE10: 523.0708 | AF10: 2987.1898 | AG10: 15307.226 | AH10: 13.54 | AI10: 114.0714 | AJ10: 13.12 | AK10: 2.26 | AL10: 2.34 | AM10: 1.6 | AN10: 1.89 | AO10: 2.18 | AP10: 1.67 | AQ10: 1820.146 | AR10: 32.69 | AS10: 32.69 | AT10: 32.69 | AU10: 32.69 | AV10: 32.69
A11: 45120 | B11: 8.995 | C11: 182.01 | D11: 22.78 | E11: 121.72 | F11: 24.36 | G11: 69.09 | H11: 27.66 | I11: 27.28 | J11: 99.7656 | K11: 0.8934 | L11: 0.00723919 | M11: 1.4535 | N11: 0.13981321 | O11: 4.6703 | P11: 3.93 | Q11: 3.76 | R11: 4.07 | S11: 3.9 | T11: 4510.0418 | U11: 1950.8905 | V11: 0.00723919 | W11: 41.83 | X11: 34.48 | Y11: 108.93 | Z11: 33.555 | AA11: 74.03 | AB11: 86.3 | AC11: 48.03 | AD11: 38.65 | AE11: 527.19421 | AF11: 3019.7098 | AG11: 15571.976 | AH11: 13.61 | AI11: 111.7525 | AJ11: 12.73 | AK11: 2.24 | AL11: 2.32 | AM11: 1.52 | AN11: 1.77 | AO11: 2.16 | AP11: 1.64 | AQ11: 1767.432 | AR11: 30.04 | AS11: 30.04 | AT11: 30.04 | AU11: 30.04 | AV11: 30.04
A12: 45121 | B12: 8.977 | C12: 181.43 | D12: 22.86 | E12: 121.26 | F12: 24.2 | G12: 67.47 | H12: 26.99 | I12: 27.16 | J12: 99.9599 | K12: 0.8899 | L12: 0.007211677 | M12: 1.4594 | N12: 0.13997173 | O12: 4.7211 | P12: 4.04 | Q12: 3.83 | R12: 4.11 | S12: 3.93 | T12: 4505.4203 | U12: 1931.0896 | V12: 0.007211677 | W12: 40.725 | X12: 34.25 | Y12: 108.61 | Z12: 33.425 | AA12: 74.28 | AB12: 86.13 | AC12: 47.52 | AD12: 38.37 | AE12: 524.15357 | AF12: 3017.9364 | AG12: 15565.597 | AH12: 13.34 | AI12: 112.4758 | AJ12: 12.05 | AK12: 2.24 | AL12: 2.33 | AM12: 1.59 | AN12: 1.89 | AO12: 2.15 | AP12: 1.67 | AQ12: 1740.777 | AR12: 30 | AS12: 30 | AT12: 30 | AU12: 30 | AV12: 30
A13: 45124 | B13: 9.045 | C13: 181.56 | D13: 22.79 | E13: 123.54 | F13: 23.71 | G13: 66.58 | H13: 26.56 | I13: 27.08 | J13: 99.8969 | K13: 0.8902 | L13: 0.007194038 | M13: 1.4668 | N13: 0.13924667 | O13: 4.7594 | P13: 4.02 | Q13: 3.81 | R13: 4.1 | S13: 3.94 | T13: 4522.7931 | U13: 1951.2691 | V13: 0.007194038 | W13: 40.645 | X13: 34.58 | Y13: 109.02 | Z13: 33.04 | AA13: 74.06 | AB13: 85.57 | AC13: 47.28 | AD13: 38.54 | AE13: 524.56071 | AF13: 3021.9641 | AG13: 15713.277 | AH13: 13.48 | AI13: 113.497 | AJ13: 12.34 | AK13: 2.25 | AL13: 2.34 | AM13: 1.56 | AN13: 1.86 | AO13: 2.16 | AP13: 1.67 | AQ13: 1728.322 | AR13: 31.34 | AS13: 31.34 | AT13: 31.34 | AU13: 31.34 | AV13: 31.34
A14: 45125 | B14: 9.085 | C14: 183.64 | D14: 22.99 | E14: 125.68 | F14: 23.65 | G14: 67.96 | H14: 26.99 | I14: 28 | J14: 99.9485 | K14: 0.8901 | L14: 0.007204196 | M14: 1.4661 | N14: 0.13912463 | O14: 4.734 | P14: 4 | Q14: 3.8 | R14: 4.08 | S14: 3.91 | T14: 4554.9769 | U14: 1976.0669 | V14: 0.007204196 | W14: 41.055 | X14: 34.97 | Y14: 109.63 | Z14: 32.785 | AA14: 73.98 | AB14: 85.1 | AC14: 47.32 | AD14: 39.41 | AE14: 528.62545 | AF14: 3042.5284 | AG14: 15841.351 | AH14: 13.3 | AI14: 112.4496 | AJ14: 12.62 | AK14: 2.23 | AL14: 2.33 | AM14: 1.57 | AN14: 1.87 | AO14: 2.13 | AP14: 1.66 | AQ14: 1716.862 | AR14: 30.66 | AS14: 30.66 | AT14: 30.66 | AU14: 30.66 | AV14: 30.66
... A722: 46198 | B722: 14.49 | C722: 369.46 | D722: 52.36 | E722: 109.28 | F722: 36.98 | G722: 109.31 | H722: 41.88 | I722: 11.75 | J722: 101.4251 | K722: 0.8784 | L722: 0.006186358 | M722: 1.4453 | N722: 0.14706964 | O722: 4.1106 | P722: 4.15 | Q722: 4.4 | R722: 4.87 | S722: 4.86 | T722: 7357.4863 | U722: 3007.8576 | V722: 0.006186358 | W722: 54.09 | X722: 53.45 | Y722: 184.12 | Z722: 45.85 | AA722: 83.94 | AB722: 97.19 | AC722: 67.32 | AD722: 97.9 | AE722: 648.4672 | AF722: 4753.8308 | AG722: 29440.323 | AH722: 18.89 | AI722: 67.103 | AJ722: 0.006186358 | AK722: 2.21 | AL722: 2.19 | AM722: 2.19 | AN722: 1.92 | AO722: 2.23 | AP722: 2.69 | AQ722: 5.718 | AR722: 0.006381539 | AS722: 0.006381539 | AT722: 0.006186358 | AU722: 26.58 | AV722: 25.95
